--issue table
insert into t_issue(id, create_user, created_time, deleted, update_user, updated_time, version, description, title, developer)
values(1, 'dba', sysdate, '0', null, null, 0, 'A song can make or ruin a person’s day if they let it get to them.', 'title 1.', null);

insert into t_issue(id, create_user, created_time, deleted, update_user, updated_time, version, description, title, developer)
values(2, 'dba', sysdate, '0', null, null, 0, 'He wore the surgical mask in public not to keep from catching a virus, but to keep people away from him.', 'title 2', null);

insert into t_issue(id, create_user, created_time, deleted, update_user, updated_time, version, description, title, developer)
values(3, 'dba', sysdate, '0', null, null, 0, 'I was fishing for compliments and accidentally caught a trout.', 'title 3.', null);

insert into t_issue(id, create_user, created_time, deleted, update_user, updated_time, version, description, title, developer)
values(4, 'dba', sysdate, '0', null, null, 0, 'Not all people who wander are lost.', 'title 4', null);

insert into t_issue(id, create_user, created_time, deleted, update_user, updated_time, version, description, title, developer)
values(5, 'dba', sysdate, '0', null, null, 0, 'Truth in advertising and dinosaurs with skateboards have much in common.', 'title 5.', null);

insert into t_issue(id, create_user, created_time, deleted, update_user, updated_time, version, description, title, developer)
values(6, 'dba', sysdate, '0', null, null, 0, 'Toddlers feeding raccoons surprised even the seasoned park ranger.', 'title 6', null);

insert into t_issue(id, create_user, created_time, deleted, update_user, updated_time, version, description, title, developer)
values(7, 'dba', sysdate, '0', null, null, 0, 'The bullet pierced the window shattering it before missing Danny head by mere millimeters.', 'title 7.', null);

insert into t_issue(id, create_user, created_time, deleted, update_user, updated_time, version, description, title, developer)
values(8, 'dba', sysdate, '0', null, null, 0, 'The hummingbird wings blurred while it eagerly sipped the sugar water from the feeder.', 'title 8', null);

insert into t_issue(id, create_user, created_time, deleted, update_user, updated_time, version, description, title, developer)
values(9, 'dba', sysdate, '0', null, null, 0, 'Someone I know recently combined Maple Syrup & buttered Popcorn thinking it would taste like caramel popcorn. It didn’t and they don’t recommend anyone else do it either.', 'title 9', null);

insert into t_issue(id, create_user, created_time, deleted, update_user, updated_time, version, description, title, developer)
values(10, 'dba', sysdate, '0', null, null, 0, 'Facing his greatest fear, he ate his first marshmallow.', 'title 10', null);

insert into t_issue(id, create_user, created_time, deleted, update_user, updated_time, version, description, title, developer)
values(11, 'dba', sysdate, '0', null, null, 0, 'He decided to fake his disappearance to avoid jail.', 'title 11', null);

insert into t_issue(id, create_user, created_time, deleted, update_user, updated_time, version, description, title, developer)
values(12, 'dba', sysdate, '0', null, null, 0, 'I like to leave work after my eight-hour tea-break.', 'title 12', null);

insert into t_issue(id, create_user, created_time, deleted, update_user, updated_time, version, description, title, developer)
values(13, 'dba', sysdate, '0', null, null, 0, 'The hawk didn’t understand why the ground squirrels didn’t want to be his friend.', 'title 13', null);

insert into t_issue(id, create_user, created_time, deleted, update_user, updated_time, version, description, title, developer)
values(14, 'dba', sysdate, '0', null, null, 0, '8% of 25 is the same as 25% of 8 and one of them is much easier to do in your head.', 'title 14', null);

insert into t_issue(id, create_user, created_time, deleted, update_user, updated_time, version, description, title, developer)
values(15, 'dba', sysdate, '0', null, null, 0, 'Dont put peanut butter on the dog nose.', 'title 15', null);

insert into t_issue(id, create_user, created_time, deleted, update_user, updated_time, version, description, title, developer)
values(16, 'dba', sysdate, '0', null, null, 0, 'They looked up at the sky and saw a million stars.', 'title 16', null);

insert into t_issue(id, create_user, created_time, deleted, update_user, updated_time, version, description, title, developer)
values(17, 'dba', sysdate, '0', null, null, 0, 'The swirled lollipop had issues with the pop rock candy.', 'title 17', null);

insert into t_issue(id, create_user, created_time, deleted, update_user, updated_time, version, description, title, developer)
values(18, 'dba', sysdate, '0', null, null, 0, 'There are no heroes in a punk rock band.', 'title 18', null);

insert into t_issue(id, create_user, created_time, deleted, update_user, updated_time, version, description, title, developer)
values(19, 'dba', sysdate, '0', null, null, 0, 'This is a Japanese doll.', 'title 19', null);

insert into t_issue(id, create_user, created_time, deleted, update_user, updated_time, version, description, title, developer)
values(20, 'dba', sysdate, '0', null, null, 0, 'The tree fell unexpectedly short.', 'title 20', null);

insert into t_issue(id, create_user, created_time, deleted, update_user, updated_time, version, description, title, developer)
values(21, 'dba', sysdate, '0', null, null, 0, 'She learned that water bottles are no longer just to hold liquid, but they are also status symbols.', 'title 21', null);

insert into t_issue(id, create_user, created_time, deleted, update_user, updated_time, version, description, title, developer)
values(22, 'dba', sysdate, '0', null, null, 0, 'When confronted with a rotary dial phone the teenager was perplexed.', 'title 22', null);

insert into t_issue(id, create_user, created_time, deleted, update_user, updated_time, version, description, title, developer)
values(23, 'dba', sysdate, '0', null, null, 0, 'The stranger officiates the meal.', 'title 23', null);

insert into t_issue(id, create_user, created_time, deleted, update_user, updated_time, version, description, title, developer)
values(24, 'dba', sysdate, '0', null, null, 0, 'You have every right to be angry, but that doesnt give you the right to be mean.', 'title 24', null);

insert into t_issue(id, create_user, created_time, deleted, update_user, updated_time, version, description, title, developer)
values(25, 'dba', sysdate, '0', null, null, 0, 'You have every right to be angry, but that doesnt give you the right to be mean.', 'title 25', null);

insert into t_issue(id, create_user, created_time, deleted, update_user, updated_time, version, description, title, developer)
values(26, 'dba', sysdate, '0', null, null, 0, 'The fact that there is a stairway to heaven and a highway to hell explains life well.', 'title 26', null);

insert into t_issue(id, create_user, created_time, deleted, update_user, updated_time, version, description, title, developer)
values(27, 'dba', sysdate, '0', null, null, 0, 'You have every right to be angry, but that doesnt give you the right to be mean.', 'title 27', null);

insert into t_issue(id, create_user, created_time, deleted, update_user, updated_time, version, description, title, developer)
values(28, 'dba', sysdate, '0', null, null, 0, 'The view from the lighthouse excited even the most seasoned traveler.', 'title 28', null);

insert into t_issue(id, create_user, created_time, deleted, update_user, updated_time, version, description, title, developer)
values(29, 'dba', sysdate, '0', null, null, 0, 'A suit of armor provides excellent sun protection on hot days.', 'title 29', null);

insert into t_issue(id, create_user, created_time, deleted, update_user, updated_time, version, description, title, developer)
values(30, 'dba', sysdate, '0', null, null, 0, 'A suit of armor provides excellent sun protection on hot days.', 'title 30', null);

insert into t_issue(id, create_user, created_time, deleted, update_user, updated_time, version, description, title, developer)
values(31, 'dba', sysdate, '0', null, null, 0, 'I like to leave work after my eight-hour tea-break.', 'title 31', null);

insert into t_issue(id, create_user, created_time, deleted, update_user, updated_time, version, description, title, developer)
values(32, 'dba', sysdate, '0', null, null, 0, 'He embraced his new life as an eggplant.', 'title 32', null);

insert into t_issue(id, create_user, created_time, deleted, update_user, updated_time, version, description, title, developer)
values(33, 'dba', sysdate, '0', null, null, 0, 'David proudly graduated from high school top of his class at age 97.', 'title 33', null);

insert into t_issue(id, create_user, created_time, deleted, update_user, updated_time, version, description, title, developer)
values(34, 'dba', sysdate, '0', null, null, 0, 'The dead trees waited to be ignited by the smallest spark and seek their revenge.', 'title 34', null);

insert into t_issue(id, create_user, created_time, deleted, update_user, updated_time, version, description, title, developer)
values(35, 'dba', sysdate, '0', null, null, 0, 'She tilted her head back and let whip cream stream into her mouth while taking a bath.', 'title 35', null);

insert into t_issue(id, create_user, created_time, deleted, update_user, updated_time, version, description, title, developer)
values(36, 'dba', sysdate, '0', null, null, 0, 'They did nothing as the raccoon attacked the lady’s bag of food.', 'title 36', null);

insert into t_issue(id, create_user, created_time, deleted, update_user, updated_time, version, description, title, developer)
values(37, 'dba', sysdate, '0', null, null, 0, 'There is a message for you if you look up.', 'title 37', null);

insert into t_issue(id, create_user, created_time, deleted, update_user, updated_time, version, description, title, developer)
values(38, 'dba', sysdate, '0', null, null, 0, 'It didnt take long for Gary to detect the robbers were amateurs.', 'title 38', null);

insert into t_issue(id, create_user, created_time, deleted, update_user, updated_time, version, description, title, developer)
values(39, 'dba', sysdate, '0', null, null, 0, 'I like to leave work after my eight-hour tea-break.', 'title 39', null);

insert into t_issue(id, create_user, created_time, deleted, update_user, updated_time, version, description, title, developer)
values(40, 'dba', sysdate, '0', null, null, 0, 'He found a leprechaun in his walnut shell.', 'title 40', null);

insert into t_issue(id, create_user, created_time, deleted, update_user, updated_time, version, description, title, developer)
values(41, 'dba', sysdate, '0', null, null, 0, 'He knew it was going to be a bad day when he saw mountain lions roaming the streets.', 'title 41', null);



--bug table
insert into t_bug( id, priority_enum, status)
values(1, 'CRITICAL', 'NEW');

insert into t_bug( id, priority_enum, status)
values(2, 'CRITICAL', 'NEW');

insert into t_bug( id, priority_enum, status)
values(3, 'CRITICAL', 'NEW');

insert into t_bug( id, priority_enum, status)
values(4, 'MAJOR', 'VERIFIED');

insert into t_bug( id, priority_enum, status)
values(5, 'MAJOR', 'NEW');

insert into t_bug( id, priority_enum, status)
values(6, 'MAJOR', 'NEW');

insert into t_bug( id, priority_enum, status)
values(7, 'MINOR', 'RESOLVED');

insert into t_bug( id, priority_enum, status)
values(8, 'MINOR', 'NEW');

insert into t_bug( id, priority_enum, status)
values(9, 'CRITICAL', 'NEW');

insert into t_bug( id, priority_enum, status)
values(10, 'CRITICAL', 'NEW');

insert into t_bug( id, priority_enum, status)
values(11, 'CRITICAL', 'NEW');

insert into t_bug( id, priority_enum, status)
values(12, 'MAJOR', 'VERIFIED');

insert into t_bug( id, priority_enum, status)
values(13, 'MAJOR', 'NEW');

insert into t_bug( id, priority_enum, status)
values(14, 'MAJOR', 'NEW');

insert into t_bug( id, priority_enum, status)
values(15, 'MINOR', 'RESOLVED');

insert into t_bug( id, priority_enum, status)
values(16, 'MINOR', 'NEW');

insert into t_bug( id, priority_enum, status)
values(17, 'CRITICAL', 'NEW');

insert into t_bug( id, priority_enum, status)
values(18, 'CRITICAL', 'NEW');

insert into t_bug( id, priority_enum, status)
values(19, 'CRITICAL', 'NEW');

insert into t_bug( id, priority_enum, status)
values(20, 'MAJOR', 'VERIFIED');

insert into t_bug( id, priority_enum, status)
values(21, 'MAJOR', 'NEW');

insert into t_bug( id, priority_enum, status)
values(22, 'MAJOR', 'NEW');

insert into t_bug( id, priority_enum, status)
values(23, 'MINOR', 'RESOLVED');

insert into t_bug( id, priority_enum, status)
values(24, 'MINOR', 'NEW');




--story  table
insert into t_story( id, status, estimated_point)
values(25, 'ESTIMATED', '3');


insert into t_story( id, status, estimated_point)
values(26, 'NEW', '1');


insert into t_story( id, status, estimated_point)
values(27, 'ESTIMATED', '5');


insert into t_story( id, status, estimated_point)
values(28, 'NEW', '7');


insert into t_story( id, status, estimated_point)
values(29, 'NEW', '1');


insert into t_story( id, status, estimated_point)
values(30, 'COMPLETED', '3');

insert into t_story( id, status, estimated_point)
values(31, 'ESTIMATED', '3');


insert into t_story( id, status, estimated_point)
values(32, 'NEW', '1');


insert into t_story( id, status, estimated_point)
values(33, 'NEW', '5');


insert into t_story( id, status, estimated_point)
values(34, 'NEW', '7');


insert into t_story( id, status, estimated_point)
values(35, 'ESTIMATED', '1');


insert into t_story( id, status, estimated_point)
values(36, 'NEW', '3');


insert into t_story( id, status, estimated_point)
values(37, 'NEW', '1');


insert into t_story( id, status, estimated_point)
values(38, 'COMPLETED', '5');


insert into t_story( id, status, estimated_point)
values(39, 'NEW', '7');


insert into t_story( id, status, estimated_point)
values(40, 'ESTIMATED', '1');


insert into t_story( id, status, estimated_point)
values(41, 'NEW', '3');










--endpoint table
insert into t_endpoint(id, create_user, created_time, deleted, version, domain, port, suffix)
values(1, 'dba', sysdate, '0', 0, 'localhost', '8080', '/admin');

insert into t_endpoint(id, create_user, created_time, deleted, version, domain, port, suffix)
values(2, 'dba', sysdate, '0', 0, 'localhost', '8080', '/login');

insert into t_endpoint(id, create_user, created_time, deleted, version, domain, port, suffix)
values(3, 'dba', sysdate, '0', 0, 'localhost', '8080', '/home');

insert into t_endpoint(id, create_user, created_time, deleted, version, domain, port, suffix)
values(4, 'dba', sysdate, '0', 0, 'localhost', '8080', '/v1/user');

insert into t_endpoint(id, create_user, created_time, deleted, version, domain, port, suffix)
values(5, 'dba', sysdate, '0', 0, 'localhost', '8080', '/v1/issue');

insert into t_endpoint(id, create_user, created_time, deleted, version, domain, port, suffix)
values(6, 'dba', sysdate, '0', 0, 'localhost', '8080', '/page');


--grant table
insert into t_grant(id, create_user, created_time, deleted, version, operation, endpoint)
values(1, 'dba', sysdate, '0', 0, 'GET', 1);

insert into t_grant(id, create_user, created_time, deleted, version, operation, endpoint)
values(2, 'dba', sysdate, '0', 0, 'POST', 1);

insert into t_grant(id, create_user, created_time, deleted, version, operation, endpoint)
values(3, 'dba', sysdate, '0', 0, 'PUT', 1);

insert into t_grant(id, create_user, created_time, deleted, version, operation, endpoint)
values(4, 'dba', sysdate, '0', 0, 'DELETE', 1);

insert into t_grant(id, create_user, created_time, deleted, version, operation, endpoint)
values(5, 'dba', sysdate, '0', 0, 'GET', 2);

insert into t_grant(id, create_user, created_time, deleted, version, operation, endpoint)
values(6, 'dba', sysdate, '0', 0, 'POST', 2);

insert into t_grant(id, create_user, created_time, deleted, version, operation, endpoint)
values(7, 'dba', sysdate, '0', 0, 'PUT', 2);

insert into t_grant(id, create_user, created_time, deleted, version, operation, endpoint)
values(8, 'dba', sysdate, '0', 0, 'DELETE', 2);


insert into t_grant(id, create_user, created_time, deleted, version, operation, endpoint)
values(9, 'dba', sysdate, '0', 0, 'GET', 3);

insert into t_grant(id, create_user, created_time, deleted, version, operation, endpoint)
values(10, 'dba', sysdate, '0', 0, 'POST', 3);

insert into t_grant(id, create_user, created_time, deleted, version, operation, endpoint)
values(11, 'dba', sysdate, '0', 0, 'PUT', 3);

insert into t_grant(id, create_user, created_time, deleted, version, operation, endpoint)
values(12, 'dba', sysdate, '0', 0, 'DELETE', 3);

insert into t_grant(id, create_user, created_time, deleted, version, operation, endpoint)
values(13, 'dba', sysdate, '0', 0, 'GET', 4);

insert into t_grant(id, create_user, created_time, deleted, version, operation, endpoint)
values(14, 'dba', sysdate, '0', 0, 'POST', 4);

insert into t_grant(id, create_user, created_time, deleted, version, operation, endpoint)
values(15, 'dba', sysdate, '0', 0, 'PUT', 4);

insert into t_grant(id, create_user, created_time, deleted, version, operation, endpoint)
values(16, 'dba', sysdate, '0', 0, 'DELETE', 4);

insert into t_grant(id, create_user, created_time, deleted, version, operation, endpoint)
values(17, 'dba', sysdate, '0', 0, 'GET', 5);

insert into t_grant(id, create_user, created_time, deleted, version, operation, endpoint)
values(18, 'dba', sysdate, '0', 0, 'POST', 5);

insert into t_grant(id, create_user, created_time, deleted, version, operation, endpoint)
values(19, 'dba', sysdate, '0', 0, 'PUT', 5);

insert into t_grant(id, create_user, created_time, deleted, version, operation, endpoint)
values(20, 'dba', sysdate, '0', 0, 'DELETE', 5);


insert into t_grant(id, create_user, created_time, deleted, version, operation, endpoint)
values(21, 'dba', sysdate, '0', 0, 'GET', 6);

insert into t_grant(id, create_user, created_time, deleted, version, operation, endpoint)
values(22, 'dba', sysdate, '0', 0, 'POST', 6);

insert into t_grant(id, create_user, created_time, deleted, version, operation, endpoint)
values(23, 'dba', sysdate, '0', 0, 'PUT', 6);

insert into t_grant(id, create_user, created_time, deleted, version, operation, endpoint)
values(24, 'dba', sysdate, '0', 0, 'DELETE', 6);





--user table
insert into t_user(id, create_user, created_time, deleted, version, user_name, password)
values(1, 'dba', sysdate, '0', 0, 'admin', '12345');

insert into t_user(id, create_user, created_time, deleted, version, user_name, password)
values(2, 'dba', sysdate, '0', 0, 'mehmet', '12345');

insert into t_user(id, create_user, created_time, deleted, version, user_name, password)
values(3, 'dba', sysdate, '0', 0, 'andre', '12345');

insert into t_user(id, create_user, created_time, deleted, version, user_name, password)
values(4, 'dba', sysdate, '0', 0, 'client1', '12345');

--developer table
insert into t_developer(id)
values(2);




--role table
insert into t_role(id, create_user, created_time, deleted, version, name)
values(1, 'dba', sysdate, '0', 0, 'ADMIN');

insert into t_role(id, create_user, created_time, deleted, version, name)
values(2, 'dba', sysdate, '0', 0, 'DEVELOPER');

insert into t_role(id, create_user, created_time, deleted, version, name)
values(3, 'dba', sysdate, '0', 0, 'ISSUE_GET');

insert into t_role(id, create_user, created_time, deleted, version, name)
values(4, 'dba', sysdate, '0', 0, 'PAGE_READ');

insert into t_role(id, create_user, created_time, deleted, version, name)
values(5, 'dba', sysdate, '0', 0, 'ANONYM');


--user_role table
insert into t_user_role(id, create_user, created_time, deleted, version, name)
values(1, 'dba', sysdate, '0', 0, 'ADMIN');

insert into t_user_role(id, create_user, created_time, deleted, version, name)
values(2, 'dba', sysdate, '0', 0, 'USER');

insert into t_user_role(id, create_user, created_time, deleted, version, name)
values(3, 'dba', sysdate, '0', 0, 'CLIENT1');

insert into t_user_role(id, create_user, created_time, deleted, version, name)
values(4, 'dba', sysdate, '0', 0, 'MIXED');



--role & grant table
--admin
insert into t_role_grant( grant_id,  role_id)
values(1, 1);

insert into t_role_grant( grant_id,  role_id)
values(2, 1);

insert into t_role_grant( grant_id,  role_id)
values(3, 1);

insert into t_role_grant( grant_id,  role_id)
values(4, 1);

insert into t_role_grant( grant_id,  role_id)
values(5, 1);

insert into t_role_grant( grant_id,  role_id)
values(6, 1);

insert into t_role_grant( grant_id,  role_id)
values(7, 1);

insert into t_role_grant( grant_id,  role_id)
values(8, 1);

insert into t_role_grant( grant_id,  role_id)
values(9, 1);

insert into t_role_grant( grant_id,  role_id)
values(10, 1);

insert into t_role_grant( grant_id,  role_id)
values(11, 1);

insert into t_role_grant( grant_id,  role_id)
values(12, 1);

insert into t_role_grant( grant_id,  role_id)
values(13, 1);

insert into t_role_grant( grant_id,  role_id)
values(14, 1);

insert into t_role_grant( grant_id,  role_id)
values(15, 1);

insert into t_role_grant( grant_id,  role_id)
values(16, 1);

insert into t_role_grant( grant_id,  role_id)
values(17, 1);

insert into t_role_grant( grant_id,  role_id)
values(18, 1);

insert into t_role_grant( grant_id,  role_id)
values(19, 1);

insert into t_role_grant( grant_id,  role_id)
values(20, 1);

insert into t_role_grant( grant_id,  role_id)
values(21, 1);

insert into t_role_grant( grant_id,  role_id)
values(22, 1);

insert into t_role_grant( grant_id,  role_id)
values(23, 1);

insert into t_role_grant( grant_id,  role_id)
values(24, 1);

--developer
insert into t_role_grant( grant_id,  role_id)
values(1, 2);

insert into t_role_grant( grant_id,  role_id)
values(5, 2);

insert into t_role_grant( grant_id,  role_id)
values(9, 2);

insert into t_role_grant( grant_id,  role_id)
values(13, 2);

insert into t_role_grant( grant_id,  role_id)
values(17, 2);


--issue_get
insert into t_role_grant( grant_id,  role_id)
values(17, 3);

--page read
insert into t_role_grant( grant_id,  role_id)
values(21, 4);



--role && user_role table
insert into t_user_role_role( role_id,  user_role_id)
values(1, 1);

insert into t_user_role_role( role_id,  user_role_id)
values(2, 2);

insert into t_user_role_role( role_id,  user_role_id)
values(3, 3);

insert into t_user_role_role( role_id,  user_role_id)
values(2, 4);

insert into t_user_role_role( role_id,  user_role_id)
values(4, 4);



--user & user_role table
insert into t_user_user_role(user_role_id, user_id)
values(1, 1);

insert into t_user_user_role(user_role_id, user_id)
values(2, 2);

insert into t_user_user_role(user_role_id, user_id)
values(4, 3);

insert into t_user_user_role(user_role_id, user_id)
values(3, 4);

commit;